id;producto ;id;ingrediente;cantidad;;;;;
1;ALF MAICENA;100;HARINA;200;;;;;
1;ALF MAICENA;116;MAIZENA;300;;;;;
1;ALF MAICENA;34;BICARBONATO DE SODIO;3;;;;;
1;ALF MAICENA;122;MANTECA;200;;;;;
1;ALF MAICENA;16;AZUCAR;150;;;;;
1;ALF MAICENA;105;HUEVOS;3;;;;;
1;ALF MAICENA;86;ESENCIA;10;;;;;
1;ALF MAICENA;82;DULCE DE LECHE;750;;;;;
1;ALF MAICENA;60;COCO;30;;;;;
2;POSTRE 3 LECHES;109;LECHE CONDENSADA;395;;;;;
2;POSTRE 3 LECHES;108;LECHE;300;;;;;
2;POSTRE 3 LECHES;63;CREMA LIQUIDA;280;;;;;
2;POSTRE 3 LECHES;16;AZUCAR;200;;;;;
2;POSTRE 3 LECHES;105;HUEVOS;6;;;;;
2;POSTRE 3 LECHES;173;SAL;4;;;;;
2;POSTRE 3 LECHES;100;HARINA;200;;;;;
2;POSTRE 3 LECHES;63;CREMA LIQUIDA;200;;;;;
2;POSTRE 3 LECHES;46;CANELA;10;;;;;
3;ORANGE CURD;105;HUEVOS;9;;;;;
3;ORANGE CURD;16;AZUCAR;260;;;;;
3;ORANGE CURD;100;HARINA;60;;;;;
3;ORANGE CURD;133;MIEL;10;;;;;
3;ORANGE CURD;136;NARANJAS;750;;;;;
3;ORANGE CURD;122;MANTECA;240;;;;;
3;ORANGE CURD;92;GELATINA;20;;;;;
3;ORANGE CURD;130;merengue;1;;;;;
4;nutella;13;avellanas;100;;;;;
4;nutella;3;aguila;125;;;;;
4;nutella;109;leche condensada;250;;;;;
4;nutella;43;cacao polvo;10;;;;;
5;POSTRE LEMON;182;VAINILLA MASA;1,5;;;;;
5;POSTRE LEMON;113;LIMON;250;;;;;
5;POSTRE LEMON;16;AZUCAR;120;;;;;
5;POSTRE LEMON;105;HUEVOS;4;;;;;
5;POSTRE LEMON;92;GELATINA;7;;;;;
5;POSTRE LEMON;122;MANTECA;150;;;;;
5;POSTRE LEMON;130;MERENGUE;2;;;;;
6;POSTRE MOUSSE CHOCO Y LEMON CUR;182;VAINILLA MASA;1,5;;;;;
6;POSTRE MOUSSE CHOCO Y LEMON CUR;105;HUEVOS;3;;;;;
6;POSTRE MOUSSE CHOCO Y LEMON CUR;16;AZUCAR;100;;;;;
6;POSTRE MOUSSE CHOCO Y LEMON CUR;113;LIMON;250;;;;;
6;POSTRE MOUSSE CHOCO Y LEMON CUR;122;MANTECA;120;;;;;
6;POSTRE MOUSSE CHOCO Y LEMON CUR;92;GELATINA;12;;;;;
6;POSTRE MOUSSE CHOCO Y LEMON CUR;130;MERENGUE;2;;;;;
6;POSTRE MOUSSE CHOCO Y LEMON CUR;3;AGUILA;130;;;;;
6;POSTRE MOUSSE CHOCO Y LEMON CUR;122;MANTECA;55;;;;;
6;POSTRE MOUSSE CHOCO Y LEMON CUR;63;CREMA LIQUIDA;100;;;;;
6;POSTRE MOUSSE CHOCO Y LEMON CUR;130;MERENGUE;1;;;;;
7;ENSALADA DE FRUTA;89;FRUTILLAS;90;;;;;
7;ENSALADA DE FRUTA;23;BANANAS;120;;;;;
7;ENSALADA DE FRUTA;107;KIWI;110;;;;;
7;ENSALADA DE FRUTA;123;MANZANA VERDE;120;;;;;
7;ENSALADA DE FRUTA;136;NARANJAS;120;;;;;
8;SHOT 3 LECHES;109;LECHE CONDENSADA;395;;;;;
8;SHOT 3 LECHES;108;LECHE;300;;;;;
8;SHOT 3 LECHES;63;CREMA LIQUIDA;280;;;;;
8;SHOT 3 LECHES;16;AZUCAR;200;;;;;
8;SHOT 3 LECHES;105;HUEVOS;6;;;;;
8;SHOT 3 LECHES;173;SAL;4;;;;;
8;SHOT 3 LECHES;100;HARINA;200;;;;;
8;SHOT 3 LECHES;63;CREMA LIQUIDA;200;;;;;
8;SHOT 3 LECHES;46;CANELA;10;;;;;
8;SHOT 3 LECHES;175;SHOTS;20;;;;;
9;CHOCOLATE BARILOCHE;122;MANTECA;90;;;;;
9;CHOCOLATE BARILOCHE;141;OPORTO;10;;;;;
9;CHOCOLATE BARILOCHE;3;AGUILA;100;;;;;
9;CHOCOLATE BARILOCHE;82;DULCE DE LECHE;250;;;;;
10;MINI TARTA TRI;189;MASA SABLE;0,125;;;;;
10;MINI TARTA TRI;82;DULCE DE LECHE;100;;;;;
10;MINI TARTA TRI;55;CHOCOLATE BARILOCHE;50;;;;;
10;MINI TARTA TRI;63;CREMA LIQUIDA;25;;;;;
10;MINI TARTA TRI;17;AZUCAR IMPALPABLE;10;;;;;
10;MINI TARTA TRI;89;FRUTILLAS;50;;;;;
11;EMP POLLO;158;POLLO;2150;;;;;
11;EMP POLLO;45;CALDOS;3;;;;;
11;EMP POLLO;186;VERDEO;250;;;;;
11;EMP POLLO;49;CEBOLLA;1000;;;;;
11;EMP POLLO;5;AJI VERDE;650;;;;;
11;EMP POLLO;85;EMPANADAS;122;;;;;
12;CREMONITAS;99;HARINA 000;500;;;;;
12;CREMONITAS;1;ACEITE;90;;;;;
12;CREMONITAS;173;SAL;15;;;;;
12;CREMONITAS;117;MALTA;10;;;;;
12;CREMONITAS;111;LEVADURA;30;;;;;
12;CREMONITAS;122;MANTECA;100;;;;;
13;EMP CARNE;135;NALGA;2000;;;;;
13;EMP CARNE;45;CALDOS;1;;;;;
13;EMP CARNE;4;AJI ROJO;400;;;;;
13;EMP CARNE;49;CEBOLLA;1000;;;;;
13;EMP CARNE;105;HUEVOS;5;;;;;
13;EMP CARNE;85;EMPANADAS;122;;;;;
13;EMP CARNE;191;ZANAHORIA;300;;;;;
14;EMP JYQ;85;EMPANADAS;1;;;;;
14;EMP JYQ;67;CREMON;13;;;;;
14;EMP JYQ;106;JAMON;7;;;;;
15;PIZZETAS;156;PIZZA;1000;;;;;
15;PIZZETAS;173;SAL;20;;;;;
15;PIZZETAS;16;AZUCAR;5;;;;;
15;PIZZETAS;1;ACEITE;40;;;;;
15;PIZZETAS;177;TOMATE LATA;1;;;;;
15;PIZZETAS;6;AJO;0,2;;;;;
15;PIZZETAS;7;ALBAHACA;0,2;;;;;
15;PIZZETAS;67;CREMON;380;;;;;
16;BROCHETTE POLLO;39;BROCHETTE 15 CM;1;;;;;
16;BROCHETTE POLLO;158;POLLO;60;;;;;
16;BROCHETTE POLLO;4;AJI ROJO;25;;;;;
16;BROCHETTE POLLO;5;AJI VERDE;25;;;;;
16;BROCHETTE POLLO;49;CEBOLLA;25;;;;;
16;BROCHETTE POLLO;57;CIRUELAS;15;;;;;
17;PINCHO CAPRESE;39;BROCHETTE 15 CM;1;;;;;
17;PINCHO CAPRESE;7;ALBAHACA;0,1;;;;;
17;PINCHO CAPRESE;36;BOCONCHINO;18;;;;;
17;PINCHO CAPRESE;67;CREMON;15;;;;;
17;PINCHO CAPRESE;161;QUESO MAR DEL PLATA;15;;;;;
17;PINCHO CAPRESE;53;CHERRY;25;;;;;
18;DEVILS CAKE;105;HUEVOS;4;;;;;
18;DEVILS CAKE;16;AZUCAR;150;;;;;
18;DEVILS CAKE;63;CREMA LIQUIDA;40;;;;;
18;DEVILS CAKE;43;CACAO POLVO;40;;;;;
18;DEVILS CAKE;122;MANTECA;45;;;;;
18;DEVILS CAKE;168;REMOLACHA;100;;;;;
18;DEVILS CAKE;100;HARINA;115;;;;;
18;DEVILS CAKE;159;POLVO DE HORNEAR;7;;;;;
18;DEVILS CAKE;3;AGUILA;300;;;;;
18;DEVILS CAKE;109;LECHE CONDENSADA;150;;;;;
18;DEVILS CAKE;122;MANTECA;50;;;;;
18;DEVILS CAKE;172;RON;15;;;;;
19;OPERA;105;HUEVOS;5;;;;;
19;OPERA;16;AZUCAR;375;;;;;
19;OPERA;100;HARINA;45;;;;;
19;OPERA;133;MIEL;10;;;;;
19;OPERA;43;CACAO POLVO;15;;;;;
19;OPERA;63;CREMA LIQUIDA;200;;;;;
19;OPERA;10;ALPINO;200;;;;;
19;OPERA;122;MANTECA;250;;;;;
19;OPERA;44;CAFE;20;;;;;
19;OPERA;112;LICOR DE CAFE;10;;;;;
19;OPERA;3;AGUILA;100;;;;;
19;OPERA;93;GLUCOSA;30;;;;;
19;OPERA;130;merengue;1;;;;;
20;BALCARCE;105;HUEVOS;6;;;;;
20;BALCARCE;100;HARINA;120;;;;;
20;BALCARCE;16;AZUCAR;60;;;;;
20;BALCARCE;133;MIEL;22;;;;;
20;BALCARCE;86;ESENCIa;7;;;;;
20;BALCARCE;63;crema liquida;500;;;;;
20;BALCARCE;92;gelatina;6;;;;;
20;BALCARCE;82;DULCE DE LECHE;400;;;;;
20;BALCARCE;155;pirotin nro 8;24;;;;;
20;BALCARCE;130;merengue;2;;;;;
21;MUFFINS DE COCO;105;HUEVOS;2;;;;;
21;MUFFINS DE COCO;159;POLVO DE HORNEAR;7;;;;;
21;MUFFINS DE COCO;60;COCO;100;;;;;
21;MUFFINS DE COCO;188;YOGURT NATURAL;210;;;;;
21;MUFFINS DE COCO;84;EDULCORANTE;15;;;;;
21;MUFFINS DE COCO;153;PIROTIN NRO 10;7;;;;;
21;MUFFINS DE COCO;81;DULCE DE LECHE LIGHT;60;;;;;
21;MUFFINS DE COCO;136;NARANJAS;100;;;;;
21;MUFFINS DE COCO;86;ESENCIA;5;;;;;
22;MUFFINS LINO Y COCO;105;HUEVOS;6;;;;;
22;MUFFINS LINO Y COCO;1;aceite;100;;;;;
22;MUFFINS LINO Y COCO;103;harina de coco;65;;;;;
22;MUFFINS LINO Y COCO;104;harina de lino;50;;;;;
22;MUFFINS LINO Y COCO;84;edulcorante;4;;;;;
22;MUFFINS LINO Y COCO;159;polvo de hornear;10;;;;;
22;MUFFINS LINO Y COCO;94;goma de xantana;2;;;;;
22;MUFFINS LINO Y COCO;173;sal;2;;;;;
22;MUFFINS LINO Y COCO;46;canela;2;;;;;
22;MUFFINS LINO Y COCO;153;PIROTIN NRO 10;10;;;;;
23;BAKLAVA;100;HARINA;150;;;;;
23;BAKLAVA;173;SAL;2;;;;;
23;BAKLAVA;187;VINAGRE;3;;;;;
23;BAKLAVA;1;ACEITE;6;;;;;
23;BAKLAVA;116;MAIZENA;100;;;;;
23;BAKLAVA;137;NUECES;125;;;;;
23;BAKLAVA;8;ALMENDRAS;50;;;;;
23;BAKLAVA;146;PASAS DE UVA NEGRAS;50;;;;;
23;BAKLAVA;48;CASTAÑA;50;;;;;
23;BAKLAVA;57;CIRUELAS;30;;;;;
23;BAKLAVA;133;MIEL;80;;;;;
23;BAKLAVA;122;MANTECA;200;;;;;
23;BAKLAVA;16;AZUCAR;200;;;;;
23;BAKLAVA;58;CLAVITO DE OLOR;1;;;;;
23;BAKLAVA;11;ANIZ ESTRELLADO;1;;;;;
23;BAKLAVA;113;LIMON;10;;;;;
23;BAKLAVA;46;CANELA;2;;;;;
24;MOUSSE DE SALMON;174;SALMON;150;;;;;
24;MOUSSE DE SALMON;47;CASANCREM;100;;;;;
24;MOUSSE DE SALMON;63;CREMA LIQUIDA;80;;;;;
25;PLETZALEJ;100;HARINA;500;;;;;
25;PLETZALEJ;173;SAL;10;;;;;
25;PLETZALEJ;1;ACEITE;80;;;;;
25;PLETZALEJ;108;LECHE;280;;;;;
25;PLETZALEJ;111;LEVADURA;20;;;;;
25;PLETZALEJ;151;PASTRON;170;;;;;
25;PLETZALEJ;152;PEPINILLOS;100;;;;;
25;PLETZALEJ;49;CEBOLLA;100;;;;;
26;MOUSSE DE ALBAHACA;7;ALBAHACA;1;;;;;
26;MOUSSE DE ALBAHACA;162;QUESO RALLADO;35;;;;;
26;MOUSSE DE ALBAHACA;127;MAYONESA;100;;;;;
26;MOUSSE DE ALBAHACA;47;CASANCREM;200;;;;;
26;MOUSSE DE ALBAHACA;169;RICOTA;50;;;;;
26;MOUSSE DE ALBAHACA;1;ACEITE;20;;;;;
27;CRACKERS;100;HARINA;80;;;;;
27;CRACKERS;173;SAL;3;;;;;
27;CRACKERS;122;MANTECA;20;;;;;
27;CRACKERS;162;QUESO RALLADO;70;;;;;
28;BOMBAS;122;MANTECA;100;;;;;
28;BOMBAS;173;SAL;3;;;;;
28;BOMBAS;16;AZUCAR;5;;;;;
28;BOMBAS;100;HARINA;150;;;;;
28;BOMBAS;105;HUEVOS;3;;;;;
28;BOMBAS;82;DULCE DE LECHE;825;;;;;
28;BOMBAS;10;ALPINO;330;;;;;
29;TORTA FRESCA DE CREMA;105;HUEVOS;8;;;;;
29;TORTA FRESCA DE CREMA;16;AZUCAR;180;;;;;
29;TORTA FRESCA DE CREMA;173;SAL;3;;;;;
29;TORTA FRESCA DE CREMA;1;ACEITE;100;;;;;
29;TORTA FRESCA DE CREMA;108;LECHE;140;;;;;
29;TORTA FRESCA DE CREMA;86;ESENCIA;6;;;;;
29;TORTA FRESCA DE CREMA;100;HARINA;200;;;;;
29;TORTA FRESCA DE CREMA;187;VINAGRE;5;;;;;
29;TORTA FRESCA DE CREMA;32;BASE 20X20;1;;;;;
29;TORTA FRESCA DE CREMA;63;CREMA LIQUIDA;350;;;;;
29;TORTA FRESCA DE CREMA;17;AZUCAR IMPALPABLE;180;;;;;
29;TORTA FRESCA DE CREMA;83;DURAZNOS;4;;;;;
29;TORTA FRESCA DE CREMA;130;MERENGUE;2;;;;;
29;TORTA FRESCA DE CREMA;9;ALMIBAR;150;;;;;
30;PARIS BREST;122;MANTECA;100;;;;;
30;PARIS BREST;173;SAL;3;;;;;
30;PARIS BREST;16;AZUCAR;5;;;;;
30;PARIS BREST;100;HARINA;150;;;;;
30;PARIS BREST;105;HUEVOS;3;;;;;
30;PARIS BREST;150;PASTELERA 1 HUEVO;3;;;;;
30;PARIS BREST;122;MANTECA;150;;;;;
31;ECLEARS;122;MANTECA;100;;;;;
31;ECLEARS;173;SAL;3;;;;;
31;ECLEARS;16;AZUCAR;5;;;;;
31;ECLEARS;100;HARINA;150;;;;;
31;ECLEARS;105;HUEVOS;3;;;;;
31;ECLEARS;82;DULCE DE LECHE;650;;;;;
32;STRUDEL;100;HARINA;300;;;;;
32;STRUDEL;173;SAL;5;;;;;
32;STRUDEL;1;ACEITE;25;;;;;
32;STRUDEL;105;HUEVOS;1;;;;;
32;STRUDEL;123;MANZANA VERDE;500;;;;;
32;STRUDEL;113;LIMON;150;;;;;
32;STRUDEL;16;AZUCAR;75;;;;;
32;STRUDEL;137;NUECES;25;;;;;
32;STRUDEL;146;PASAS DE UVA NEGRAS;25;;;;;
32;STRUDEL;46;CANELA;5;;;;;
32;STRUDEL;122;MANTECA;100;;;;;
32;STRUDEL;17;AZUCAR IMPALPABLE;50;;;;;
32;STRUDEL;183;VAINILLAS;50;;;;;
33;BOCADO BROWNIE;42;BROWNIE;1;;;;;
33;BOCADO BROWNIE;82;DULCE DE LECHE;480;;;;;
33;BOCADO BROWNIE;130;MERENGUE;2;;;;;
34;MINI BROWNIE 9 CM DULCE Y MEREN;42;BROWNIE;1;;;;;
34;MINI BROWNIE 9 CM DULCE Y MEREN;82;DULCE DE LECHE;900;;;;;
34;MINI BROWNIE 9 CM DULCE Y MEREN;130;MERENGUE;3;;;;;
35;CUADRADO BROWNIE 7X7;42;BROWNIE;1;;;;;
35;CUADRADO BROWNIE 7X7;35;BLONDA 13 CM;20;;;;;
36;SHOT MOUSSE DE CHOCOLATE;3;AGUILA;200;;;;;
36;SHOT MOUSSE DE CHOCOLATE;122;MANTECA;80;;;;;
36;SHOT MOUSSE DE CHOCOLATE;63;CREMA LIQUIDA;150;;;;;
36;SHOT MOUSSE DE CHOCOLATE;130;MERENGUE;3;;;;;
36;SHOT MOUSSE DE CHOCOLATE;175;SHOTS;7;;;;;
37;SHOT MOUSSE DE DULCE DE LECHE;175;SHOTS;7;;;;;
37;SHOT MOUSSE DE DULCE DE LECHE;82;DULCE DE LECHE;250;;;;;
37;SHOT MOUSSE DE DULCE DE LECHE;63;CREMA LIQUIDA;250;;;;;
37;SHOT MOUSSE DE DULCE DE LECHE;130;MERENGUE;2;;;;;
38;MEDIALUNAS JAMON Y QUESO;106;JAMON;10;;;;;
38;MEDIALUNAS JAMON Y QUESO;128;MEDIALUNAS;1;;;;;
38;MEDIALUNAS JAMON Y QUESO;163;QUESO FETA;10;;;;;
39;SHOT CHEESCAKE;175;SHOTS;15;;;;;
39;SHOT CHEESCAKE;10;ALPINO;150;;;;;
39;SHOT CHEESCAKE;63;CREMA LIQUIDA;300;;;;;
39;SHOT CHEESCAKE;47;CASANCREM;200;;;;;
39;SHOT CHEESCAKE;16;AZUCAR;100;;;;;
39;SHOT CHEESCAKE;105;HUEVOS;2;;;;;
39;SHOT CHEESCAKE;182;VAINILLA MASA;2;;;;;
39;SHOT CHEESCAKE;90;FRUTOS ROJOS;150;;;;;
40;SHOT BORRACHITO;175;SHOTS;1;;;;;
40;SHOT BORRACHITO;137;NUECES;3;;;;;
40;SHOT BORRACHITO;63;CREMA LIQUIDA;30;;;;;
40;SHOT BORRACHITO;17;AZUCAR IMPALPABLE;15;;;;;
40;SHOT BORRACHITO;183;VAINILLAS;20;;;;;
40;SHOT BORRACHITO;141;OPORTO;15;;;;;
41;SHOT OREO;175;SHOTS;1;;;;;
41;SHOT OREO;140;OREOS;2;;;;;
41;SHOT OREO;63;CREMA LIQUIDA;70;;;;;
41;SHOT OREO;17;AZUCAR IMPALPABLE;20;;;;;
41;SHOT OREO;43;CACAO POLVO;1;;;;;
41;SHOT OREO;108;LECHE;20;;;;;
42;SHOT TIRAMISU;175;SHOTS;9;;;;;
42;SHOT TIRAMISU;16;AZUCAR;70;;;;;
42;SHOT TIRAMISU;47;CASANCREM;150;;;;;
42;SHOT TIRAMISU;63;CREMA LIQUIDA;250;;;;;
42;SHOT TIRAMISU;105;HUEVOS;3;;;;;
42;SHOT TIRAMISU;16;AZUCAR;30;;;;;
42;SHOT TIRAMISU;141;OPORTO;90;;;;;
42;SHOT TIRAMISU;16;AZUCAR;100;;;;;
42;SHOT TIRAMISU;44;CAFE;15;;;;;
42;SHOT TIRAMISU;112;LICOR DE CAFE;20;;;;;
42;SHOT TIRAMISU;182;VAINILLA MASA;1;;;;;
43;POSTRE TIRAMISU;30;BASE 12X12;4;;;;;
43;POSTRE TIRAMISU;16;AZUCAR;70;;;;;
43;POSTRE TIRAMISU;47;CASANCREM;150;;;;;
43;POSTRE TIRAMISU;63;CREMA LIQUIDA;250;;;;;
43;POSTRE TIRAMISU;105;HUEVOS;4;;;;;
43;POSTRE TIRAMISU;16;AZUCAR;40;;;;;
43;POSTRE TIRAMISU;141;OPORTO;120;;;;;
43;POSTRE TIRAMISU;16;AZUCAR;100;;;;;
43;POSTRE TIRAMISU;44;CAFE;15;;;;;
43;POSTRE TIRAMISU;112;LICOR DE CAFE;20;;;;;
43;POSTRE TIRAMISU;182;VAINILLA MASA;1;;;;;
44;MERENGUE;105;HUEVOS;1;;;;;
44;MERENGUE;16;AZUCAR;60;;;;;
45;OREOS BAÑADA;140;OREOS;1;;;;;
45;OREOS BAÑADA;10;ALPINO;25;;;;;
46;POPCAKES;122;MANTECA;80;;;;;
46;POPCAKES;16;AZUCAR;100;;;;;
46;POPCAKES;105;HUEVOS;2;;;;;
46;POPCAKES;100;HARINA;120;;;;;
46;POPCAKES;10;ALPINO;575;;;;;
46;POPCAKES;176;SORBETES;23;;;;;
47;SHOT MOUSSE LIMON;175;SHOTS;12;;;;;
47;SHOT MOUSSE LIMON;182;VAINILLA MASA;1,5;;;;;
47;SHOT MOUSSE LIMON;150;PASTELERA 1 HUEVO;2,5;;;;;
47;SHOT MOUSSE LIMON;113;LIMON;200;;;;;
47;SHOT MOUSSE LIMON;130;MERENGUE;2;;;;;
47;SHOT MOUSSE LIMON;63;CREMA LIQUIDA;300;;;;;
47;SHOT MOUSSE LIMON;136;NARANJAS;200;;;;;
48;SHOT CHOCOTORTA;175;SHOTS;1;;;;;
48;SHOT CHOCOTORTA;56;CHOCOLINAS;40;;;;;
48;SHOT CHOCOTORTA;82;DULCE DE LECHE;35;;;;;
48;SHOT CHOCOTORTA;47;CASANCREM;35;;;;;
48;SHOT CHOCOTORTA;108;LECHE;20;;;;;
48;SHOT CHOCOTORTA;44;CAFE;2;;;;;
49;CHOCOTORTA BAÑAD;56;CHOCOLINAS;15;;;;;
49;CHOCOTORTA BAÑAD;47;CASANCREM;3;;;;;
49;CHOCOTORTA BAÑAD;82;DULCE DE LECHE;3;;;;;
49;CHOCOTORTA BAÑAD;10;ALPINO;25;;;;;
50;MINI CHOCOTORTA;56;CHOCOLINAS;800;;;;;
50;MINI CHOCOTORTA;47;CASANCREM;620;;;;;
50;MINI CHOCOTORTA;82;DULCE DE LECHE;620;;;;;
51;COOKIES HARINA DE ALMENDRAS;101;HARINA DE ALMENDRAS COMUN;200;;;;;
51;COOKIES HARINA DE ALMENDRAS;122;MANTECA;85;;;;;
51;COOKIES HARINA DE ALMENDRAS;84;EDULCORANTE;15;;;;;
51;COOKIES HARINA DE ALMENDRAS;94;GOMA DE XANTANA;2;;;;;
51;COOKIES HARINA DE ALMENDRAS;159;POLVO DE HORNEAR;3;;;;;
51;COOKIES HARINA DE ALMENDRAS;86;ESENCIA;5;;;;;
51;COOKIES HARINA DE ALMENDRAS;10;ALPINO;70;;;;;
51;COOKIES HARINA DE ALMENDRAS;105;HUEVOS;1;;;;;
51;COOKIES HARINA DE ALMENDRAS;173;SAL;5;;;;;
52;SAVARIN;100;HARINA;250;;;;;
52;SAVARIN;16;AZUCAR;15;;;;;
52;SAVARIN;173;SAL;5;;;;;
52;SAVARIN;105;HUEVOS;3;;;;;
52;SAVARIN;108;LECHE;50;;;;;
52;SAVARIN;111;LEVADURA;20;;;;;
52;SAVARIN;89;FRUTILLAS;100;;;;;
52;SAVARIN;107;KIWI;100;;;;;
52;SAVARIN;83;DURAZNOS;1;;;;;
52;SAVARIN;63;CREMA LIQUIDA;250;;;;;
52;SAVARIN;16;AZUCAR;300;;;;;
52;SAVARIN;172;RON;70;;;;;
53;ALF NUEZ;122;MANTECA;65;;;;;
53;ALF NUEZ;16;AZUCAR;55;;;;;
53;ALF NUEZ;137;NUECES;100;;;;;
53;ALF NUEZ;100;HARINA;100;;;;;
53;ALF NUEZ;132;MERMELADA;105;;;;;
53;ALF NUEZ;10;ALPINO;315;;;;;
54;ALF CHOCOLATE;122;MANTECA;110;;;;;
54;ALF CHOCOLATE;16;AZUCAR;100;;;;;
54;ALF CHOCOLATE;133;MIEL;20;;;;;
54;ALF CHOCOLATE;86;ESENCIA;5;;;;;
54;ALF CHOCOLATE;105;HUEVOS;1;;;;;
54;ALF CHOCOLATE;100;HARINA;200;;;;;
54;ALF CHOCOLATE;116;MAIZENA;50;;;;;
54;ALF CHOCOLATE;43;CACAO POLVO;8;;;;;
54;ALF CHOCOLATE;159;POLVO DE HORNEAR;3;;;;;
54;ALF CHOCOLATE;113;LIMON;100;;;;;
54;ALF CHOCOLATE;82;DULCE DE LECHE;319;;;;;
54;ALF CHOCOLATE;10;ALPINO;435;;;;;
55;ALF SABLE;189;MASA SABLE;1;;;;;
55;ALF SABLE;82;DULCE DE LECHE;400;;;;;
55;ALF SABLE;17;AZUCAR IMPALPABLE;70;;;;;
56;CRUMBLE;16;AZUCAR;90;;;;;
56;CRUMBLE;122;MANTECA;90;;;;;
56;CRUMBLE;100;HARINA;120;;;;;
57;RELLENO TARTA MANZANA;123;MANZANA VERDE;500;;;;;
57;RELLENO TARTA MANZANA;122;MANTECA;25;;;;;
57;RELLENO TARTA MANZANA;16;AZUCAR;25;;;;;
58;LUNETTES;100;HARINA;165;;;;;
58;LUNETTES;122;MANTECA;100;;;;;
58;LUNETTES;105;HUEVOS;1;;;;;
58;LUNETTES;86;ESENCIA;5;;;;;
58;LUNETTES;17;AZUCAR IMPALPABLE;100;;;;;
58;LUNETTES;173;SAL;2;;;;;
58;LUNETTES;132;MERMELADA;75;;;;;
59;CUCURUCHITOS;70;CUCURUCHITOS;1;;;;;
59;CUCURUCHITOS;10;ALPINO;10;;;;;
59;CUCURUCHITOS;82;DULCE DE LECHE;16;;;;;
60;DONUTS;100;HARINA;120;;;;;
60;DONUTS;16;AZUCAR;70;;;;;
60;DONUTS;105;HUEVOS;1;;;;;
60;DONUTS;173;SAL;2;;;;;
60;DONUTS;108;LECHE;90;;;;;
60;DONUTS;86;ESENCIA;5;;;;;
60;DONUTS;1;ACEITE;40;;;;;
60;DONUTS;10;ALPINO;360;;;;;
61;MACARONS;17;AZUCAR IMPALPABLE;250;;;;;
61;MACARONS;102;HARINA DE ALMENDRAS MACARONS;250;;;;;
61;MACARONS;105;HUEVOS;6;;;;;
61;MACARONS;17;AZUCAR IMPALPABLE;250;;;;;
61;MACARONS;82;DULCE DE LECHE;1200;;;;;
62;COOKIES;100;HARINA;250;;;;;
62;COOKIES;122;MANTECA;150;;;;;
62;COOKIES;17;AZUCAR IMPALPABLE;100;;;;;
62;COOKIES;105;HUEVOS;1;;;;;
62;COOKIES;21;BALLINA;510;;;;;
63;NUMBER CAKE;100;HARINA;250;;;;;
63;NUMBER CAKE;122;MANTECA;150;;;;;
63;NUMBER CAKE;17;AZUCAR IMPALPABLE;100;;;;;
63;NUMBER CAKE;105;HUEVOS;1;;;;;
63;NUMBER CAKE;82;DULCE DE LECHE;1500;;;;;
64;TORTA GALESA;122;MANTECA;100;;;;;
64;TORTA GALESA;18;AZUCAR NEGRA;100;;;;;
64;TORTA GALESA;105;HUEVOS;2;;;;;
64;TORTA GALESA;100;HARINA;100;;;;;
64;TORTA GALESA;159;POLVO DE HORNEAR;15;;;;;
64;TORTA GALESA;113;LIMON;200;;;;;
64;TORTA GALESA;172;RON;20;;;;;
64;TORTA GALESA;146;PASAS DE UVA NEGRAS;100;;;;;
64;TORTA GALESA;134;MIX FRUTOS SECOS;100;;;;;
64;TORTA GALESA;46;CANELA;6;;;;;
65;CONITOS;122;MANTECA;100;;;;;
65;CONITOS;17;AZUCAR IMPALPABLE;100;;;;;
65;CONITOS;105;HUEVOS;1;;;;;
65;CONITOS;86;ESENCIA;10;;;;;
65;CONITOS;100;HARINA;150;;;;;
65;CONITOS;82;DULCE DE LECHE;1600;;;;;
65;CONITOS;10;ALPINO;880;;;;;
66;COOKIES NUTELLA;100;HARINA;200;;;;;
66;COOKIES NUTELLA;34;BICARBONATO DE SODIO;3;;;;;
66;COOKIES NUTELLA;173;SAL;2;;;;;
66;COOKIES NUTELLA;116;MAIZENA;12;;;;;
66;COOKIES NUTELLA;122;MANTECA;75;;;;;
66;COOKIES NUTELLA;18;AZUCAR NEGRA;120;;;;;
66;COOKIES NUTELLA;86;ESENCIA;5;;;;;
66;COOKIES NUTELLA;105;HUEVOS;1;;;;;
66;COOKIES NUTELLA;10;ALPINO;110;;;;;
66;COOKIES NUTELLA;138;NUTELLA;210;;;;;
67;BOCADOS VAINILLA;105;HUEVOS;8;;;;;
67;BOCADOS VAINILLA;16;AZUCAR;80;;;;;
67;BOCADOS VAINILLA;173;SAL;5;;;;;
67;BOCADOS VAINILLA;1;ACEITE;100;;;;;
67;BOCADOS VAINILLA;108;LECHE;140;;;;;
67;BOCADOS VAINILLA;86;ESENCIA;10;;;;;
67;BOCADOS VAINILLA;100;HARINA;200;;;;;
67;BOCADOS VAINILLA;187;VINAGRE;10;;;;;
67;BOCADOS VAINILLA;16;AZUCAR;100;;;;;
67;BOCADOS VAINILLA;155;PIROTIN NRO 8;54;;;;;
67;BOCADOS VAINILLA;9;ALMIBAR;150;;;;;
67;BOCADOS VAINILLA;82;DULCE DE LECHE;500;;;;;
67;BOCADOS VAINILLA;63;CREMA LIQUIDA;500;;;;;
67;BOCADOS VAINILLA;89;FRUTILLAS;550;;;;;
68;BOCADOS CHOCOLATE;100;HARINA;263;;;;;
68;BOCADOS CHOCOLATE;16;AZUCAR;405;;;;;
68;BOCADOS CHOCOLATE;108;LECHE;225;;;;;
68;BOCADOS CHOCOLATE;1;ACEITE;180;;;;;
68;BOCADOS CHOCOLATE;3;AGUILA;75;;;;;
68;BOCADOS CHOCOLATE;43;CACAO POLVO;23;;;;;
68;BOCADOS CHOCOLATE;105;HUEVOS;3;;;;;
68;BOCADOS CHOCOLATE;86;ESENCIA;15;;;;;
68;BOCADOS CHOCOLATE;173;SAL;5;;;;;
68;BOCADOS CHOCOLATE;155;PIROTIN NRO 8;30;;;;;
68;BOCADOS CHOCOLATE;9;ALMIBAR;100;;;;;
68;BOCADOS CHOCOLATE;63;CREMA LIQUIDA;400;;;;;
68;BOCADOS CHOCOLATE;89;FRUTILLAS;550;;;;;
69;MAGIC NUTELLA;100;HARINA;263;;;;;
69;MAGIC NUTELLA;16;AZUCAR;405;;;;;
69;MAGIC NUTELLA;108;LECHE;225;;;;;
69;MAGIC NUTELLA;1;ACEITE;180;;;;;
69;MAGIC NUTELLA;3;AGUILA;75;;;;;
69;MAGIC NUTELLA;43;CACAO POLVO;23;;;;;
69;MAGIC NUTELLA;105;HUEVOS;3;;;;;
69;MAGIC NUTELLA;86;ESENCIA;15;;;;;
69;MAGIC NUTELLA;173;SAL;5;;;;;
69;MAGIC NUTELLA;155;PIROTIN NRO 8;45;;;;;
69;MAGIC NUTELLA;9;ALMIBAR;100;;;;;
69;MAGIC NUTELLA;63;CREMA LIQUIDA;170;;;;;
69;MAGIC NUTELLA;47;CASANCREM;350;;;;;
69;MAGIC NUTELLA;138;NUTELLA;600;;;;;
69;MAGIC NUTELLA;10;ALPINO;150;;;;;
70;MUFFINS CHOCO;100;HARINA;175;;;;;
70;MUFFINS CHOCO;16;AZUCAR;270;;;;;
70;MUFFINS CHOCO;108;LECHE;150;;;;;
70;MUFFINS CHOCO;1;ACEITE;120;;;;;
70;MUFFINS CHOCO;3;AGUILA;50;;;;;
70;MUFFINS CHOCO;43;CACAO POLVO;15;;;;;
70;MUFFINS CHOCO;105;HUEVOS;2;;;;;
70;MUFFINS CHOCO;86;ESENCIA;10;;;;;
70;MUFFINS CHOCO;173;SAL;3;;;;;
70;MUFFINS CHOCO;153;pirotin nro 10;14;;;;;
70;MUFFINS CHOCO;10;ALPINO;100;;;;;
70;MUFFINS CHOCO;82;dulce de leche;420;;;;;
70;MUFFINS CHOCO;90;frutos rojos;280;;;;;
70;MUFFINS CHOCO;134;mix frutos secos;210;;;;;
71;RED VELVET;122;MANTECA;170;;;;;
71;RED VELVET;16;AZUCAR;450;;;;;
71;RED VELVET;105;HUEVOS;3;;;;;
71;RED VELVET;108;LECHE;340;;;;;
71;RED VELVET;113;LIMON;50;;;;;
71;RED VELVET;100;HARINA;375;;;;;
71;RED VELVET;159;POLVO DE HORNEAR;8;;;;;
71;RED VELVET;173;SAL;2;;;;;
71;RED VELVET;43;CACAO POLVO;20;;;;;
71;RED VELVET;86;ESENCIA;5;;;;;
71;RED VELVET;61;COLORANTE PASTA;2;;;;;
71;RED VELVET;34;BICARBONATO DE SODIO;2;;;;;
71;RED VELVET;187;VINAGRE;10;;;;;
71;RED VELVET;47;CASANCREM;300;;;;;
71;RED VELVET;126;MASCARPONE;300;;;;;
71;RED VELVET;86;ESENCIA;7;;;;;
71;RED VELVET;17;AZUCAR IMPALPABLE;200;;;;;
71;RED VELVET;63;CREMA LIQUIDA;360;;;;;
71;RED VELVET;92;GELATINA;6;;;;;
72;SCONS DE QUESO;100;HARINA;200;;;;;
72;SCONS DE QUESO;173;SAL;3;;;;;
72;SCONS DE QUESO;122;MANTECA;50;;;;;
72;SCONS DE QUESO;162;QUESO RALLADO;85;;;;;
72;SCONS DE QUESO;105;HUEVOS;1;;;;;
72;SCONS DE QUESO;63;CREMA LIQUIDA;50;;;;;
73;MUFFINS VAINILLA;122;MANTECA;100;;;;;
73;MUFFINS VAINILLA;17;AZUCAR IMPALPABLE;50;;;;;
73;MUFFINS VAINILLA;173;SAL;5;;;;;
73;MUFFINS VAINILLA;105;HUEVOS;3;;;;;
73;MUFFINS VAINILLA;108;LECHE;50;;;;;
73;MUFFINS VAINILLA;100;HARINA;110;;;;;
73;MUFFINS VAINILLA;16;AZUCAR;30;;;;;
73;MUFFINS VAINILLA;153;PIROTIN NRO 10;7;;;;;
74;BROWNIE;3;AGUILA;450;;;;;
74;BROWNIE;122;MANTECA;150;;;;;
74;BROWNIE;105;HUEVOS;6;;;;;
74;BROWNIE;100;HARINA;150;;;;;
74;BROWNIE;159;POLVO DE HORNEAR;9;;;;;
75;TORTA BROWNIE;42;BROWNIE;0,33;;;;;
75;TORTA BROWNIE;82;DULCE DE LECHE;500;;;;;
75;TORTA BROWNIE;130;MERENGUE;1;;;;;
75;TORTA BROWNIE;32;BASE 20X20;1;;;;;
76;CHEESCAKE;10;ALPINO;150;;;;;
76;CHEESCAKE;63;CREMA LIQUIDA;300;;;;;
76;CHEESCAKE;47;CASANCREM;200;;;;;
76;CHEESCAKE;16;AZUCAR;100;;;;;
76;CHEESCAKE;105;HUEVOS;2;;;;;
76;CHEESCAKE;92;GELATINA;10;;;;;
76;CHEESCAKE;182;VAINILLA MASA;1,5;;;;;
76;CHEESCAKE;90;FRUTOS ROJOS;400;;;;;
76;CHEESCAKE;32;BASE 20X20;1;;;;;
77;ROGEL 1 H;100;HARINA;52;;;;;
77;ROGEL 1 H;108;LECHE;10;;;;;
77;ROGEL 1 H;122;MANTECA;18;;;;;
77;ROGEL 1 H;105;HUEVOS;1;;;;;
78;ROGELITOS;171;ROGEL 1 H;1;;;;;
78;ROGELITOS;155;PIROTIN NRO 8;14;;;;;
78;ROGELITOS;130;MERENGUE;1;;;;;
78;ROGELITOS;82;DULCE DE LECHE;210;;;;;
79;COOKIES AVENA Y PASAS;122;MANTECA;125;;;;;
79;COOKIES AVENA Y PASAS;86;ESENCIA;5;;;;;
79;COOKIES AVENA Y PASAS;19;AZUCAR RUBIA;150;;;;;
79;COOKIES AVENA Y PASAS;105;HUEVOS;1;;;;;
79;COOKIES AVENA Y PASAS;14;AVENA;135;;;;;
79;COOKIES AVENA Y PASAS;100;HARINA;100;;;;;
79;COOKIES AVENA Y PASAS;147;PASAS DE UVA RUBIAS;50;;;;;
79;COOKIES AVENA Y PASAS;146;PASAS DE UVA NEGRAS;50;;;;;
79;COOKIES AVENA Y PASAS;34;BICARBONATO DE SODIO;2;;;;;
80;MINI ROGEL 10 CM;171;ROGEL 1 H;1;;;;;
80;MINI ROGEL 10 CM;28;BASE 12 CM;1;;;;;
80;MINI ROGEL 10 CM;82;DULCE DE LECHE;150;;;;;
80;MINI ROGEL 10 CM;130;MERENGUE;1;;;;;
81;LINZER;122;MANTECA;180;;;;;
81;LINZER;17;AZUCAR IMPALPABLE;110;;;;;
81;LINZER;105;HUEVOS;3;;;;;
81;LINZER;113;LIMON;100;;;;;
81;LINZER;100;HARINA;230;;;;;
81;LINZER;173;SAL;2;;;;;
81;LINZER;101;HARINA DE ALMENDRAS COMUN;70;;;;;
81;LINZER;87;ESPECIAS DULCES;5;;;;;
81;LINZER;3;AGUILA;50;;;;;
81;LINZER;132;MERMELADA;120;;;;;
82;MINI ROGEL 7 CM;171;ROGEL 1 H;1;;;;;
82;MINI ROGEL 7 CM;35;BLONDA 13 CM;2;;;;;
82;MINI ROGEL 7 CM;130;MERENGUE;1;;;;;
82;MINI ROGEL 7 CM;82;DULCE DE LECHE;100;;;;;
83;VAINILLA MASA;105;HUEVOS;1;;;;;
83;VAINILLA MASA;16;AZUCAR;30;;;;;
83;VAINILLA MASA;100;HARINA;30;;;;;
83;VAINILLA MASA;159;POLVO DE HORNEAR;5;;;;;
83;VAINILLA MASA;86;ESENCIA;5;;;;;
84;MINI TARTA FRUTOS SECOS;164;RELLENO FRUTOS SECOS;1,75;;;;;
84;MINI TARTA FRUTOS SECOS;16;AZUCAR;80;;;;;
84;MINI TARTA FRUTOS SECOS;173;SAL;6;;;;;
84;MINI TARTA FRUTOS SECOS;122;MANTECA;200;;;;;
84;MINI TARTA FRUTOS SECOS;105;HUEVOS;1;;;;;
84;MINI TARTA FRUTOS SECOS;86;ESENCIA;20;;;;;
84;MINI TARTA FRUTOS SECOS;100;HARINA;220;;;;;
84;MINI TARTA FRUTOS SECOS;17;AZUCAR IMPALPABLE;70;;;;;
84;MINI TARTA FRUTOS SECOS;35;BLONDA 13 CM;7;;;;;
85;FIGACITAS J Y Q;99;HARINA 000;500;;;;;
85;FIGACITAS J Y Q;173;SAL;10;;;;;
85;FIGACITAS J Y Q;16;AZUCAR;5;;;;;
85;FIGACITAS J Y Q;111;LEVADURA;25;;;;;
85;FIGACITAS J Y Q;63;CREMA LIQUIDA;50;;;;;
85;FIGACITAS J Y Q;122;MANTECA;50;;;;;
85;FIGACITAS J Y Q;117;MALTA;5;;;;;
85;FIGACITAS J Y Q;122;MANTECA;30;;;;;
85;FIGACITAS J Y Q;106;JAMON;210;;;;;
85;FIGACITAS J Y Q;163;QUESO FETA;210;;;;;
86;FIGACITAS LOMO;99;HARINA 000;500;;;;;
86;FIGACITAS LOMO;173;SAL;10;;;;;
86;FIGACITAS LOMO;16;AZUCAR;5;;;;;
86;FIGACITAS LOMO;111;LEVADURA;25;;;;;
86;FIGACITAS LOMO;63;CREMA LIQUIDA;50;;;;;
86;FIGACITAS LOMO;122;MANTECA;50;;;;;
86;FIGACITAS LOMO;117;MALTA;5;;;;;
86;FIGACITAS LOMO;122;MANTECA;30;;;;;
86;FIGACITAS LOMO;114;LOMO;252;;;;;
86;FIGACITAS LOMO;178;TOMATE FRUTA;315;;;;;
87;FIGACITAS CAPRESE;99;HARINA 000;500;;;;;
87;FIGACITAS CAPRESE;173;SAL;10;;;;;
87;FIGACITAS CAPRESE;16;AZUCAR;5;;;;;
87;FIGACITAS CAPRESE;111;LEVADURA;25;;;;;
87;FIGACITAS CAPRESE;63;CREMA LIQUIDA;50;;;;;
87;FIGACITAS CAPRESE;122;MANTECA;50;;;;;
87;FIGACITAS CAPRESE;117;MALTA;5;;;;;
87;FIGACITAS CAPRESE;122;MANTECA;30;;;;;
87;FIGACITAS CAPRESE;163;QUESO FETA;210;;;;;
87;FIGACITAS CAPRESE;178;TOMATE FRUTA;315;;;;;
87;FIGACITAS CAPRESE;7;ALBAHACA;1;;;;;
88;RELLENO FRUTOS SECOS ACARAMELAD;16;AZUCAR;225;;;;;
88;RELLENO FRUTOS SECOS ACARAMELAD;113;LIMON;10;;;;;
88;RELLENO FRUTOS SECOS ACARAMELAD;63;CREMA LIQUIDA;60;;;;;
88;RELLENO FRUTOS SECOS ACARAMELAD;122;MANTECA;70;;;;;
88;RELLENO FRUTOS SECOS ACARAMELAD;134;MIX FRUTOS SECOS;170;;;;;
89;TRUFAS CHOCO BLANCO;10;ALPINO;140;;;;;
89;TRUFAS CHOCO BLANCO;184;VEGETALINA;20;;;;;
89;TRUFAS CHOCO BLANCO;63;CREMA LIQUIDA;40;;;;;
89;TRUFAS CHOCO BLANCO;17;AZUCAR IMPALPABLE;40;;;;;
90;MINI TARTA MANZANA;189;MASA SABLE;0,125;;;;;
90;MINI TARTA MANZANA;165;RELLENO TARTA MANZANA;0,33;;;;;
90;MINI TARTA MANZANA;68;CRUMBLE;40;;;;;
90;MINI TARTA MANZANA;137;NUECES;10;;;;;
91;TARTELETA PASTELERA;189;MASA SABLE;0,023;;;;;
91;TARTELETA PASTELERA;150;PASTELERA 1 HUEVO;0,14;;;;;
92;TARTELETA LEMON PIE;189;MASA SABLE;0,161;;;;;
92;TARTELETA LEMON PIE;113;LIMON;100;;;;;
92;TARTELETA LEMON PIE;16;AZUCAR;30;;;;;
92;TARTELETA LEMON PIE;105;HUEVOS;1;;;;;
92;TARTELETA LEMON PIE;122;MANTECA;38;;;;;
92;TARTELETA LEMON PIE;130;MERENGUE;2;;;;;
93;SHOT LEMON PIE;175;SHOTS;7;;;;;
93;SHOT LEMON PIE;182;VAINILLA MASA;1;;;;;
93;SHOT LEMON PIE;130;MERENGUE;2;;;;;
93;SHOT LEMON PIE;113;LIMON;300;;;;;
93;SHOT LEMON PIE;16;AZUCAR;120;;;;;
93;SHOT LEMON PIE;105;HUEVOS;4;;;;;
93;SHOT LEMON PIE;122;MANTECA;150;;;;;
94;SHOT M FRUTILLA;175;SHOTS;12;;;;;
94;SHOT M FRUTILLA;182;VAINILLA MASA;1,5;;;;;
94;SHOT M FRUTILLA;89;FRUTILLAS;200;;;;;
94;SHOT M FRUTILLA;130;MERENGUE;4;;;;;
94;SHOT M FRUTILLA;63;CREMA LIQUIDA;200;;;;;
94;SHOT M FRUTILLA;86;ESENCIA;5;;;;;
95;SHOT MARACUYA;175;SHOTS;18;;;;;
95;SHOT MARACUYA;182;VAINILLA MASA;2;;;;;
95;SHOT MARACUYA;47;CASANCREM;500;;;;;
95;SHOT MARACUYA;109;LECHE CONDENSADA;270;;;;;
95;SHOT MARACUYA;63;CREMA LIQUIDA;300;;;;;
95;SHOT MARACUYA;124;MARACUYA RELLENO;258;;;;;
96;SHOT BAILYS;175;SHOTS;13;;;;;
96;SHOT BAILYS;182;VAINILLA MASA;2;;;;;
96;SHOT BAILYS;130;MERENGUE;3;;;;;
96;SHOT BAILYS;33;BAILYS;90;;;;;
96;SHOT BAILYS;63;CREMA LIQUIDA;240;;;;;
97;MINI PASTAFROLA;190;MASA SUCRE;0,2;;;;;
97;MINI PASTAFROLA;129;MEMBRILLO;125;;;;;
97;MINI PASTAFROLA;105;HUEVOS;1;;;;;
98;MINI TARTA RICOTA;190;MASA SUCRE;0,2;;;;;
98;MINI TARTA RICOTA;167;RELLENO TARTA RICOTA;0,125;;;;;
98;MINI TARTA RICOTA;105;HUEVOS;1;;;;;
99;TARTA RICOTA GRANDE;190;MASA SUCRE;1;;;;;
99;TARTA RICOTA GRANDE;167;RELLENO TARTA RICOTA;1;;;;;
99;TARTA RICOTA GRANDE;17;AZUCAR IMPALPABLE;200;;;;;
100;MINI TARTA DE COCO Y DULCE;190;MASA SUCRE;0,2;;;;;
100;MINI TARTA DE COCO Y DULCE;82;DULCE DE LECHE;120;;;;;
100;MINI TARTA DE COCO Y DULCE;166;RELLENO TARTA COCO;0,1;;;;;
101;RELLENO TARTA RICOTA;105;HUEVOS;1;;;;;
101;RELLENO TARTA RICOTA;16;AZUCAR;50;;;;;
101;RELLENO TARTA RICOTA;169;RICOTA;500;;;;;
101;RELLENO TARTA RICOTA;113;LIMON;100;;;;;
101;RELLENO TARTA RICOTA;116;MAIZENA;15;;;;;
101;RELLENO TARTA RICOTA;86;ESENCIA;10;;;;;
102;RELLENO TARTA COCO;60;COCO;160;;;;;
102;RELLENO TARTA COCO;16;AZUCAR;250;;;;;
102;RELLENO TARTA COCO;105;HUEVOS;1;;;;;
103;PASTELERA 1 HUEVO;108;LECHE;84;;;;;
103;PASTELERA 1 HUEVO;105;HUEVOS;1;;;;;
103;PASTELERA 1 HUEVO;16;AZUCAR;25;;;;;
103;PASTELERA 1 HUEVO;116;MAIZENA;9;;;;;
103;PASTELERA 1 HUEVO;92;GELATINA;1;;;;;
104;MINI TARTA LEMON PIE;189;MASA SABLE;0,125;;;;;
104;MINI TARTA LEMON PIE;113;LIMON;100;;;;;
104;MINI TARTA LEMON PIE;16;AZUCAR;30;;;;;
104;MINI TARTA LEMON PIE;105;HUEVOS;1;;;;;
104;MINI TARTA LEMON PIE;92;GELATINA;1;;;;;
104;MINI TARTA LEMON PIE;122;MANTECA;37;;;;;
104;MINI TARTA LEMON PIE;130;MERENGUE;1;;;;;
105;TARTA LEMON GRANDE;189;MASA SABLE;0,5;;;;;
105;TARTA LEMON GRANDE;113;LIMON;300;;;;;
105;TARTA LEMON GRANDE;16;AZUCAR;150;;;;;
105;TARTA LEMON GRANDE;105;HUEVOS;5;;;;;
105;TARTA LEMON GRANDE;92;GELATINA;7;;;;;
105;TARTA LEMON GRANDE;122;MANTECA;187;;;;;
105;TARTA LEMON GRANDE;130;MERENGUE;2;;;;;
106;MINI TARTA FRUTILLAS;189;MASA SABLE;0,125;;;;;
106;MINI TARTA FRUTILLAS;150;PASTELERA 1 HUEVO;1;;;;;
106;MINI TARTA FRUTILLAS;89;FRUTILLAS;70;;;;;
107;TARTA FRUTILLAS GRANDE;189;MASA SABLE;0,5;;;;;
107;TARTA FRUTILLAS GRANDE;150;PASTELERA 1 HUEVO;4;;;;;
107;TARTA FRUTILLAS GRANDE;90;frutos rojos;300;;;;;
107;TARTA FRUTILLAS GRANDE;89;FRUTILLAS;300;;;;;
108;TARTA MANZANA GRANDE;189;MASA SABLE;0,5;;;;;
108;TARTA MANZANA GRANDE;68;CRUMBLE;175;;;;;
108;TARTA MANZANA GRANDE;165;RELLENO TARTA MANZANA;1,5;;;;;
108;TARTA MANZANA GRANDE;137;NUECES;50;;;;;
109;MINI TARTA COPITOS;189;MASA SABLE;0,125;;;;;
109;MINI TARTA COPITOS;82;DULCE DE LECHE;190;;;;;
109;MINI TARTA COPITOS;10;ALPINO;45;;;;;
110;BUDINCITOS DE LIMON;100;HARINA;120;;;;;
110;BUDINCITOS DE LIMON;122;MANTECA;100;;;;;
110;BUDINCITOS DE LIMON;105;HUEVOS;2;;;;;
110;BUDINCITOS DE LIMON;16;AZUCAR;100;;;;;
110;BUDINCITOS DE LIMON;136;naranjas;250;;;;;
110;BUDINCITOS DE LIMON;17;AZUCAR IMPALPABLE;100;;;;;
111;BUDINCITOS VAINILLA;105;HUEVOS;2;;;;;
111;BUDINCITOS VAINILLA;16;AZUCAR;120;;;;;
111;BUDINCITOS VAINILLA;122;MANTECA;120;;;;;
111;BUDINCITOS VAINILLA;100;HARINA;120;;;;;
111;BUDINCITOS VAINILLA;86;ESENCIA;10;;;;;
111;BUDINCITOS VAINILLA;17;AZUCAR IMPALPABLE;50;;;;;
112;bocaditos banana y avena;23;BANANAS;500;;;;;
112;bocaditos banana y avena;108;LECHE;100;;;;;
112;bocaditos banana y avena;133;MIEL;20;;;;;
112;bocaditos banana y avena;149;PASTA DE MANI;80;;;;;
112;bocaditos banana y avena;14;AVENA;150;;;;;
112;bocaditos banana y avena;159;POLVO DE HORNEAR;10;;;;;
112;bocaditos banana y avena;10;ALPINO;100;;;;;
113;muffins avena, maz y canela;123;manzana verde;500;;;;;
113;muffins avena, maz y canela;14;avena;300;;;;;
113;muffins avena, maz y canela;159;poLVO DE HORNEAR;20;;;;;
113;muffins avena, maz y canela;34;bicarbonato de sodio;6;;;;;
113;muffins avena, maz y canela;46;canela;20;;;;;
113;muffins avena, maz y canela;187;vinagre;10;;;;;
113;muffins avena, maz y canela;84;edulcorante;15;;;;;
113;muffins avena, maz y canela;86;esencia;10;;;;;
113;muffins avena, maz y canela;108;leche;100;;;;;
113;muffins avena, maz y canela;105;huevos;2;;;;;
113;muffins avena, maz y canela;153;pirotin nro 10;16;;;;;
114;COOKIES DE LIMON;105;HUEVOS;2;;;;;
114;COOKIES DE LIMON;16;AZUCAR;140;;;;;
114;COOKIES DE LIMON;1;ACEITE;70;;;;;
114;COOKIES DE LIMON;86;ESENCIA;5;;;;;
114;COOKIES DE LIMON;113;LIMON;150;;;;;
114;COOKIES DE LIMON;100;HARINA;340;;;;;
114;COOKIES DE LIMON;113;LIMON;50;;;;;
114;COOKIES DE LIMON;17;AZUCAR IMPALPABLE;150;;;;;
115;BUDINCITOS DE MANZANA;100;HARINA;125;;;;;
115;BUDINCITOS DE MANZANA;122;MANTECA;125;;;;;
115;BUDINCITOS DE MANZANA;105;HUEVOS;2;;;;;
115;BUDINCITOS DE MANZANA;16;AZUCAR;100;;;;;
115;BUDINCITOS DE MANZANA;123;MANZANA VERDE;250;;;;;
115;BUDINCITOS DE MANZANA;141;OPORTO;10;;;;;
116;PIONONO DULCE DE LECHE;105;HUEVOS;5;;;;;
116;PIONONO DULCE DE LECHE;16;AZUCAR;50;;;;;
116;PIONONO DULCE DE LECHE;86;ESENCIA;5;;;;;
116;PIONONO DULCE DE LECHE;133;MIEL;18;;;;;
116;PIONONO DULCE DE LECHE;100;HARINA;100;;;;;
116;PIONONO DULCE DE LECHE;82;DULCE DE LECHE;800;;;;;
116;PIONONO DULCE DE LECHE;63;CREMA LIQUIDA;150;;;;;
116;PIONONO DULCE DE LECHE;10;ALPINO;300;;;;;
117;BUDINCITOS MAGIC;122;MANTECA;200;;;;;
117;BUDINCITOS MAGIC;16;AZUCAR;200;;;;;
117;BUDINCITOS MAGIC;105;HUEVOS;4;;;;;
117;BUDINCITOS MAGIC;86;ESENCIA;5;;;;;
117;BUDINCITOS MAGIC;100;HARINA;300;;;;;
117;BUDINCITOS MAGIC;8;ALMENDRAS;50;;;;;
117;BUDINCITOS MAGIC;137;NUECES;50;;;;;
117;BUDINCITOS MAGIC;10;ALPINO;110;;;;;
117;BUDINCITOS MAGIC;141;OPORTO;100;;;;;
118;MASA TARTA SABLE;100;HARINA;300;;;;;
118;MASA TARTA SABLE;122;MANTECA;180;;;;;
118;MASA TARTA SABLE;105;HUEVOS;2;;;;;
118;MASA TARTA SABLE;17;AZUCAR IMPALPABLE;120;;;;;
118;MASA TARTA SABLE;86;ESENCIA;10;;;;;
118;MASA TARTA SABLE;173;SAL;5;;;;;
119;PAN DULCE CHISPAS;108;LECHE;300;;;;;
119;PAN DULCE CHISPAS;16;AZUCAR;100;;;;;
119;PAN DULCE CHISPAS;173;SAL;5;;;;;
119;PAN DULCE CHISPAS;111;LEVADURA;30;;;;;
119;PAN DULCE CHISPAS;122;MANTECA;100;;;;;
119;PAN DULCE CHISPAS;105;HUEVOS;3;;;;;
119;PAN DULCE CHISPAS;100;HARINA;700;;;;;
119;PAN DULCE CHISPAS;63;CREMA LIQUIDA;100;;;;;
119;PAN DULCE CHISPAS;15;AZAHAR FLEIBOR;5;;;;;
119;PAN DULCE CHISPAS;113;LIMON;250;;;;;
119;PAN DULCE CHISPAS;86;ESENCIA;10;;;;;
119;PAN DULCE CHISPAS;117;MALTA;20;;;;;
119;PAN DULCE CHISPAS;10;ALPINO;180;;;;;
119;PAN DULCE CHISPAS;142;PAN DULCE 250 GR;6;;;;;
120;MASA SUCRE;100;HARINA;250;;;;;
120;MASA SUCRE;122;MANTECA;125;;;;;
120;MASA SUCRE;105;HUEVOS;2;;;;;
120;MASA SUCRE;16;AZUCAR;140;;;;;
120;MASA SUCRE;159;POLVO DE HORNEAR;3;;;;;
121;TORTA INDIVIDUAL;100;HARINA;30;;;;;
121;TORTA INDIVIDUAL;105;HUEVOS;1;;;;;
121;TORTA INDIVIDUAL;16;AZUCAR;30;;;;;
121;TORTA INDIVIDUAL;86;ESENCIA;10;;;;;
121;TORTA INDIVIDUAL;9;ALMIBAR;50;;;;;
121;TORTA INDIVIDUAL;157;POLIFAN;0,2;;;;;
121;TORTA INDIVIDUAL;82;DULCE DE LECHE;30;;;;;
121;TORTA INDIVIDUAL;10;ALPINO;180;;;;;
121;TORTA INDIVIDUAL;63;CREMA LIQUIDA;60;;;;;
121;TORTA INDIVIDUAL;27;BASE 10 CM;1;;;;;
122;TORTA BOMBA;10;ALPINO;1000;;;;;
123;TORTA CHAJA;105;HUEVOS;8;;;;;
123;TORTA CHAJA;16;AZUCAR;80;;;;;
123;TORTA CHAJA;173;SAL;6;;;;;
123;TORTA CHAJA;1;ACEITE;100;;;;;
123;TORTA CHAJA;108;LECHE;140;;;;;
123;TORTA CHAJA;86;ESENCIA;10;;;;;
123;TORTA CHAJA;100;HARINA;200;;;;;
123;TORTA CHAJA;187;VINAGRE;10;;;;;
123;TORTA CHAJA;16;AZUCAR;100;;;;;
123;TORTA CHAJA;32;BASE 20X20;1;;;;;
123;TORTA CHAJA;82;DULCE DE LECHE;200;;;;;
123;TORTA CHAJA;63;CREMA LIQUIDA;350;;;;;
123;TORTA CHAJA;17;AZUCAR IMPALPABLE;200;;;;;
123;TORTA CHAJA;83;DURAZNOS;4;;;;;
123;TORTA CHAJA;9;ALMIBAR;150;;;;;
123;TORTA CHAJA;130;MERENGUE;1;;;;;
124;SACHER;3;AGUILA;70;;;;;
124;SACHER;122;MANTECA;50;;;;;
124;SACHER;17;AZUCAR IMPALPABLE;35;;;;;
124;SACHER;105;HUEVOS;3;;;;;
124;SACHER;16;AZUCAR;35;;;;;
124;SACHER;100;HARINA;40;;;;;
124;SACHER;132;MERMELADA;120;;;;;
124;SACHER;43;CACAO POLVO;10;;;;;
124;SACHER;63;CREMA LIQUIDA;100;;;;;
124;SACHER;3;AGUILA;100;;;;;
124;SACHER;93;GLUCOSA;10;;;;;
125;CAKE 5 PORCIONES;100;HARINA;60;;;;;
125;CAKE 5 PORCIONES;105;HUEVOS;2;;;;;
125;CAKE 5 PORCIONES;16;AZUCAR;60;;;;;
125;CAKE 5 PORCIONES;86;ESENCIA;20;;;;;
125;CAKE 5 PORCIONES;9;ALMIBAR;75;;;;;
125;CAKE 5 PORCIONES;157;POLIFAN;0,3;;;;;
125;CAKE 5 PORCIONES;82;DULCE DE LECHE;100;;;;;
125;CAKE 5 PORCIONES;10;ALPINO;300;;;;;
125;CAKE 5 PORCIONES;63;CREMA LIQUIDA;100;;;;;
125;CAKE 5 PORCIONES;31;BASE 16X16;1;;;;;
126;CAKE CORAZON 20 CM;105;HUEVOS;12;;;;;
126;CAKE CORAZON 20 CM;16;AZUCAR;120;;;;;
126;CAKE CORAZON 20 CM;173;SAL;10;;;;;
126;CAKE CORAZON 20 CM;1;ACEITE;150;;;;;
126;CAKE CORAZON 20 CM;108;LECHE;210;;;;;
126;CAKE CORAZON 20 CM;86;ESENCIA;15;;;;;
126;CAKE CORAZON 20 CM;100;HARINA;300;;;;;
126;CAKE CORAZON 20 CM;187;VINAGRE;15;;;;;
126;CAKE CORAZON 20 CM;16;AZUCAR;150;;;;;
126;CAKE CORAZON 20 CM;77;DISCO FIBROFACIL 26 CM;1;;;;;
126;CAKE CORAZON 20 CM;82;DULCE DE LECHE;1000;;;;;
126;CAKE CORAZON 20 CM;63;CREMA LIQUIDA;100;;;;;
126;CAKE CORAZON 20 CM;10;ALPINO;300;;;;;
126;CAKE CORAZON 20 CM;105;HUEVOS;4;;;;;
126;CAKE CORAZON 20 CM;16;AZUCAR;240;;;;;
126;CAKE CORAZON 20 CM;122;MANTECA;360;;;;;
127;CAKE 10 PORCIONES;100;HARINA;90;;;;;
127;CAKE 10 PORCIONES;105;HUEVOS;3;;;;;
127;CAKE 10 PORCIONES;16;AZUCAR;90;;;;;
127;CAKE 10 PORCIONES;86;ESENCIA;30;;;;;
127;CAKE 10 PORCIONES;9;ALMIBAR;100;;;;;
127;CAKE 10 PORCIONES;157;POLIFAN;1;;;;;
127;CAKE 10 PORCIONES;82;DULCE DE LECHE;200;;;;;
127;CAKE 10 PORCIONES;10;ALPINO;450;;;;;
127;CAKE 10 PORCIONES;63;CREMA LIQUIDA;150;;;;;
127;CAKE 10 PORCIONES;74;DISCO FIBROFACIL 20 CM;1;;;;;
128;CAKE 20 PORCIONES;100;HARINA;335;;;;;
128;CAKE 20 PORCIONES;105;HUEVOS;5;;;;;
128;CAKE 20 PORCIONES;16;AZUCAR;335;;;;;
128;CAKE 20 PORCIONES;86;ESENCIA;40;;;;;
128;CAKE 20 PORCIONES;9;ALMIBAR;200;;;;;
128;CAKE 20 PORCIONES;108;LECHE;150;;;;;
128;CAKE 20 PORCIONES;157;POLIFAN;1;;;;;
128;CAKE 20 PORCIONES;82;DULCE DE LECHE;1000;;;;;
128;CAKE 20 PORCIONES;10;ALPINO;1100;;;;;
128;CAKE 20 PORCIONES;63;CREMA LIQUIDA;350;;;;;
128;CAKE 20 PORCIONES;77;DISCO FIBROFACIL 26 CM;1;;;;;
129;CAKE 15 PORCIONES;100;HARINA;270;;;;;
129;CAKE 15 PORCIONES;105;HUEVOS;4;;;;;
129;CAKE 15 PORCIONES;16;AZUCAR;270;;;;;
129;CAKE 15 PORCIONES;86;ESENCIA;30;;;;;
129;CAKE 15 PORCIONES;9;ALMIBAR;150;;;;;
129;CAKE 15 PORCIONES;108;LECHE;120;;;;;
129;CAKE 15 PORCIONES;157;POLIFAN;1;;;;;
129;CAKE 15 PORCIONES;82;DULCE DE LECHE;600;;;;;
129;CAKE 15 PORCIONES;10;ALPINO;600;;;;;
129;CAKE 15 PORCIONES;63;CREMA LIQUIDA;200;;;;;
129;CAKE 15 PORCIONES;76;DISCO FIBROFACIL 24 CM;1;;;;;
130;HUEVO CHOCOTORTA;10;ALPINO;60;;;;;
130;HUEVO CHOCOTORTA;82;DULCE DE LECHE;200;;;;;
130;HUEVO CHOCOTORTA;47;CASANCREM;200;;;;;
130;HUEVO CHOCOTORTA;56;CHOCOLINAS;100;;;;;
130;HUEVO CHOCOTORTA;10;ALPINO;60;;;;;
130;HUEVO CHOCOTORTA;44;CAFE;6;;;;;
130;HUEVO CHOCOTORTA;108;LECHE;25;;;;;
132;HUEVO FULL CHOCO4;10;ALPINO;60;;;;;
132;HUEVO FULL CHOCO4;55;CHOCOLATE BARILOCHE;50;;;;;
132;HUEVO FULL CHOCO4;63;CREMA LIQUIDA;60;;;;;
132;HUEVO FULL CHOCO4;10;ALPINO;60;;;;;
132;HUEVO FULL CHOCO4;3;AGUILA;10;;;;;
132;HUEVO FULL CHOCO4;82;DULCE DE LECHE;35;;;;;
